{
    "theme": "Развитие персонала",
    "variables": [
      "result"
    ],
    "transcript": [
      {
        "var_name": "result",
        "results": [
          {
            "score": 0,
            "text": "Ваша оценка 0"
          },
          {
            "score": 2,
            "text": "Ваша оценка 1"
          },
          {
            "score": 4,
            "text": "Ваша оценка 2"
          },
          {
            "score": 6,
            "text": "Ваша оценка 3"
          },
          {
            "score": 8,
            "text": "Ваша оценка 4"
          },
          {
            "score": 10,
            "text": "Ваша оценка 5"
          },
          {
            "score": 12,
            "text": "Ваша оценка 6"
          },
          {
            "score": 14,
            "text": "Ваша оценка 7"
          },
          {
            "score": 16,
            "text": "Ваша оценка 8"
          },
          {
            "score": 18,
            "text": "Ваша оценка 9"
          },
          {
            "score": 20,
            "text": "Ваша оценка 10"
          }
        ]
      }
    ],
    "questions": [
      {
        "var_type": "result ",
        "title": "Что подразумевает термин развитие персонала",
        "options": {
          "Процесс набора новых сотрудников ": 0,
          "Обеспечение условий для роста и развития сотрудников": 1,
          "Проведение корпоративных мероприятий": 0
        }
      },
      {
        "var_type": "result ",
        "title": "Какая из следующих методик используется для оценки потребностей в развитии персонала?",
        "options": {
          "Интервьюрование ": 1,
          "Отпуск за свой счет": 0,
          "Организация корпоративной вечеринки": 0
        }
      },
      {
        "var_type": "result ",
        "title": "Что означает понятие система обучения и развития?",
        "options": {
          "Совокупность мероприятий, направленных на повышение квалификации сотрудников ": 1,
          "Регулярная выдача премий и наград сотрудникам": 0,
          "Закупка новой офисной мебели": 0
        }
      },
      {
        "var_type": "result ",
        "title": "Что такое менторинг",
        "options": {
          "Процесс профессионального роста сотрудника под руководством опытного специалиста": 1,
          "Регулярные встречи с коллегами для обмена опытом": 0,
          "Организация спортивных мероприятий вместе с другими отделами": 0
        }
      },
      {
        "var_type": "result ",
        "title": "Какие факторы могут способствовать успешному развитию персонала в организации?",
        "options": {
          "Ясно определенные карьерные пути": 1,
          "Регулярные сокращения штата сотрудников": 0,
          "Отсутствие обратной связи и оценки работы": 0
        }
      },
      {
        "var_type": "result ",
        "title": "Что такое план развития сотрудника?",
        "options": {
          "Документ, описывающий задачи и обязанности сотрудника": 0,
          "Календарный план мероприятий компании": 0,
          "Индивидуальный план действий для развития навыков и компетенций сотрудника": 1
        }
      },
      {
        "var_type": "result ",
        "title": "Какие методы могут быть использованы для обучения и развития сотрудников?",
        "options": {
          "Внутренние тренинги и семинары": 1,
          "Сокращение штата сотрудников": 0,
          "Корпоратив": 0
        }
      },
      {
        "var_type": "result ",
        "title": "Что подразумевает термин развитие персонала",
        "options": {
          "Процесс набора новых сотрудников ": 1,
          "Обеспечение условий для роста и развития сотрудников": 2,
          "Проведение корпоративных мероприятий": 3
        }
      },
      {
        "var_type": "result ",
        "title": "Что такое обратная связь в контексте развития персонала?",
        "options": {
          "Письменный отчет о выполнении задач сотрудником": 0,
          "Процесс предоставления информации о производительности и поведении сотрудника для его улучшения": 1,
          "Общение с коллегами во время перерыва на кофе": 0
        }
      },
      {
        "var_type": "result ",
        "title": "Что означает термин компетенции в контексте развития персонала?",
        "options": {
          "Знания, навыки и характеристики, необходимые для успешного выполнения работы": 1,
          "Выходные дни и отпускные дни сотрудников": 0,
          "Материальное вознаграждение сотрудников": 0
        }
      },
      {
        "var_type": "result ",
        "title": "Что такое поддержка работы и жизни в контексте развития персонала?",
        "options": {
          "Помощь сотрудникам в решении личных проблем и вопросов": 1,
          "Организация вечеринок и корпоративных мероприятий": 0,
          "Увеличение рабочих часов и объема работы для сотрудников": 0
        }
      },
      {
        "var_type": "result ",
        "title": "Что такое наставничество в контексте развития персонала?",
        "options": {
          "Организация корпоративных соревнований среди сотрудников": 0,
          "Процесс, при котором опытный сотрудник делится своими знаниями и опытом с менее опытным коллегой": 1,
          "Проведение ежегодной оценки сотрудников": 0
        }
      },
      {
        "var_type": "result ",
        "title": "Что подразумевается под обучением на рабочем месте?",
        "options": {
          "Организация внутренних тренингов и семинаров": 0,
          "Приобретение новых знаний и навыков через практическую работу и опыт": 1,
          "Предоставление отпуска сотрудникам для обучения": 0
        }
      },
      {
        "var_type": "result ",
        "title": "Какой подход можно использовать для развития лидерских навыков сотрудников?",
        "options": {
          "Проведение спортивных мероприятий и соревнований": 0,
          "Организация программы менторинга с опытными руководителями": 1,
          "Повышение заработной платы для сотрудников": 0
        }
      },
      {
        "var_type": "result ",
        "title": "Что такое система оценки производительности?",
        "options": {
          "Процесс проведения корпоративных встреч и совещаний": 0,
          "Система, которая позволяет оценить результаты работы сотрудника и его вклад в достижение целей организации": 1,
          "Организация командообразования сотрудников": 0
        }
      },
      {
        "var_type": "result ",
        "title": "Что означает термин план карьерного развития?",
        "options": {
          "Документ, определяющий зарплату и бонусы сотрудника": 0,
          "План, который помогает сотруднику определить свои карьерные цели и способы их достижения": 1,
          "Регулярная смена рабочих мест и должностей сотрудника": 0
        }
      },
      {
        "var_type": "result ",
        "title": "Что такое активное слушание?",
        "options": {
          "Процесс передачи информации от одного человека другому": 0,
          "Способность внимательно слушать и понимать сообщение собеседника": 1,
          "Использование невербальных средств коммуникации, таких как жесты и мимика": 0
        }
      },
      {
        "var_type": "result ",
        "title": "Какие преимущества может предоставить эффективная коммуникация в рабочей среде?",
        "options": {
          "Улучшение коллективной работы и достижение целей более эффективно": 1,
          "Создание более жесткой и иерархической структуры организации": 0,
          "Снижение уровня мотивации сотрудников": 0
        }
      },
      {
        "var_type": "result ",
        "title": "Что такое невербальная коммуникация?",
        "options": {
          "Обмен информацией с использованием только письменных сообщений": 0,
          "Передача сообщений без использования слов, через жесты, мимику, тон голоса и т. д.": 1,
          "Процесс общения внутри организации через электронные письма и сообщения": 0
        }
      },  
      {
        "var_type": "result ",
        "title": "Какие факторы могут негативно влиять на эффективность коммуникации?",
        "options": {
          "Открытое выражение мнений и идей": 0,
          "Недостаточная ясность и неоднозначность сообщений": 1,
          "Регулярные совещания и обсуждения сотрудников": 0
        }
      },
      {
        "var_type": "result ",
        "title": "Что такое эмпатия в контексте коммуникации?",
        "options": {
          "Способность анализировать данные и делать обоснованные выводы": 0,
          "Понимание и разделение эмоционального состояния и опыта другого человека": 1,
          "Использование активных вопросов для получения дополнительной информации": 0
        }
      }
    ]
  }