{
    "theme": "Персональная компетентность во времени",
    "variables": [
      "agility"
    ],
    "transcript": [
      {
        "var_name": "agility",
        "results": [
          {
            "score": 17,
            "text": "Недостаточная компетентность в управлении временем — результат меньше 17 баллов. Последнее указывает на то, что человек непродуктивно теряет драгоценные минуты и часы своей жизни или их «разворовывают» окружающие."
          },
          {
            "score": 39,
            "text": "Средняя (нормальная) компетентность в управлении временем"
          },
          {
            "score": 40,
            "text": "Высокая личностная компетентность в управлении временем"
          }
        ]
      }
    ],
    "questions": [
      {
        "var_type": "agility",
        "title": "1. В любой работе я стараюсь иметь запас (резерв) времени, выделяю своего рода неприкосновенное время на всякий случай.",
        "options": {
          "Нет": 0,
          "Иногда": 1,
          "Да": 2
        }
      },
      {
        "var_type": "agility",
        "title": "2. Я четко знаю свои долгосрочные цели, постоянно держу их в уме и периодически обдумываю способы их достижения.",
        "options": {
          "Нет": 0,
          "Иногда": 1,
          "Да": 2
        }
      },
      {
        "var_type": "agility",
        "title": "3. Я регулярно использую делегирование, поручая другим людям выполнение важных для меня задач.",
        "options": {
          "Нет": 0,
          "Иногда": 1,
          "Да": 2
        }
      },
      {
        "var_type": "agility",
        "title": "4. Я подробно планирую шаги, этапы достижения своих целей.",
        "options": {
          "Нет": 0,
          "Иногда": 1,
          "Да": 2
        }
      },
      {
        "var_type": "agility",
        "title": "5. Я понимаю, что общение с друзьями в рабочее время — помеха, и стараюсь избегать таких ситуаций.",
        "options": {
          "Нет": 0,
          "Иногда": 1,
          "Да": 2
        }
      },
      {
        "var_type": "agility",
        "title": "6. Я уважаю и ценю собственное время и стараюсь добиться уважения к своему времени и от других людей.",
        "options": {
          "Нет": 0,
          "Иногда": 1,
          "Да": 2
        }
      },
      {
        "var_type": "agility",
        "title": "7. Для планирования своего времени я использую записи.",
        "options": {
          "Нет": 0,
          "Иногда": 1,
          "Да": 2
        }
      },
      {
        "var_type": "agility",
        "title": "8. Каждый рабочий день я начинаю с определения того, что нужно сделать в первую очередь.",
        "options": {
          "Нет": 0,
          "Иногда": 1,
          "Да": 2
        }
      },
      {
        "var_type": "agility",
        "title": "9. В своих делах я строго придерживаюсь установленных мною же сроков.",
        "options": {
          "Нет": 0,
          "Иногда": 1,
          "Да": 2
        }
      },
      {
        "var_type": "agility",
        "title": "10. Я хорошо знаю собственные биоритмы и планирую свои дела с учетом своих «внутренних часов».",
        "options": {
          "Нет": 0,
          "Иногда": 1,
          "Да": 2
        }
      },
      {
        "var_type": "agility",
        "title": "11. Я умею и стараюсь кратко говорить по телефону.",
        "options": {
          "Нет": 0,
          "Иногда": 1,
          "Да": 2
        }
      },
      {
        "var_type": "agility",
        "title": "12. Я довольно настойчивый человек и обычно, несмотря на помехи и отвлечения, продолжаю работать по плану.",
        "options": {
          "Нет": 0,
          "Иногда": 1,
          "Да": 2
        }
      },
      {
        "var_type": "agility",
        "title": "13. Перед началом любой работы я тщательно обдумываю ее, планирую, что мне может понадобиться, сроки и этапы работы и т. п.",
        "options": {
          "Нет": 0,
          "Иногда": 1,
          "Да": 2
        }
      },
      {
        "var_type": "agility",
        "title": "14. Я умею говорить «нет» неожиданным делам и людям.",
        "options": {
          "Нет": 0,
          "Иногда": 1,
          "Да": 2
        }
      },
      {
        "var_type": "agility",
        "title": "15. В конце рабочего дня я анализирую все, что произошло, обдумываю, что мне мешало, а что помогало вовремя выполнить работу.",
        "options": {
          "Нет": 0,
          "Иногда": 1,
          "Да": 2
        }
      },
      {
        "var_type": "agility",
        "title": "16. Рутинные дела я стараюсь делать крупными блоками, быстро, словно потоком.",
        "options": {
          "Нет": 0,
          "Иногда": 1,
          "Да": 2
        }
      },
      {
        "var_type": "agility",
        "title": "17. Я регулярно работаю с органайзером, записной книжкой и другими средствами, помогающими мне лучше управлять своим временем.",
        "options": {
          "Нет": 0,
          "Иногда": 1,
          "Да": 2
        }
      },
      {
        "var_type": "agility",
        "title": "18. Я умею браться за любую работу быстро и решительно, без лишней «раскачки».",
        "options": {
          "Нет": 0,
          "Иногда": 1,
          "Да": 2
        }
      },
      {
        "var_type": "agility",
        "title": "19. Даже случайные потери времени (вроде стояния в очереди) я стараюсь использовать с толком.",
        "options": {
          "Нет": 0,
          "Иногда": 1,
          "Да": 2
        }
      },
      {
        "var_type": "agility",
        "title": "20. Я считаю, что отдых — это смена деятельности, его также надо планировать и продумывать.",
        "options": {
          "Нет": 0,
          "Иногда": 1,
          "Да": 2
        }
      },
      {
        "var_type": "agility",
        "title": "21. Мне легко попросить помощи у других людей, в особенности если это поможет мне лучше распределить и спланировать мое время.",
        "options": {
          "Нет": 0,
          "Иногда": 1,
          "Да": 2
        }
      },
      {
        "var_type": "agility",
        "title": "22. Обычно я легко понимаю, какие из моих дел являются наиболее важными и что их нужно выполнить в первую очередь.",
        "options": {
          "Нет": 0,
          "Иногда": 1,
          "Да": 2
        }
      },
      {
        "var_type": "agility",
        "title": "23. Я имею четкое представление о своей будущей карьере.",
        "options": {
          "Нет": 0,
          "Иногда": 1,
          "Да": 2
        }
      },
      {
        "var_type": "agility",
        "title": "24. Я ранее уже интересовался различными системами и методами управления временем.",
        "options": {
          "Нет": 0,
          "Иногда": 1,
          "Да": 2
        }
      },
      {
        "var_type": "agility",
        "title": "25. У меня есть собственная система управления личным временем.",
        "options": {
          "Нет": 0,
          "Иногда": 1,
          "Да": 2
        }
      }
    ]
  }