{
    "theme": "Тест нервно-психической адаптации",
    "variables": [
      "agility"
    ],
    "transcript": [
      {
        "var_name": "agility",
        "results": [
          {
            "score": 10,
            "text": "У вас первая группа. Вы здоровы."
          },
          {
            "score": 11,
            "text": "У вас вторая группа. Практически здоровый с благоприятными прогностическими признаками"
          },
          {
            "score": 21,
            "text": "У вас третья группа. Практически здоровый с неблагоприятными прогностическими признаками"
          }, 
          {
            "score": 31,
            "text": "У вас четвертая группа. Подозрения на легкую патологию"
          }, 
          {
            "score": 40,
            "text": "У вас пятая группа, признаки на серьезную патологию."
          }
        ]
      }
    ],
    "questions": [
      {
        "var_type": "agility",
        "title": "1. Бессонница.",
        "options": {
          "Нет и не было в прошлом": 0,
          "Было в прошлом, но сейчас нет": 1,
          "Появилось в последнее время": 2,
          "Есть уже длительное время": 3,
          "Есть и всегда было": 4
        }
      },
      {
        "var_type": "agility",
        "title": "2. Ощущение, что окружающие неодобрительно к вам относятся.",
        "options": {
          "Нет и не было в прошлом": 0,
          "Было в прошлом, но сейчас нет": 1,
          "Появилось в последнее время": 2,
          "Есть уже длительное время": 3,
          "Есть и всегда было": 4
        }
      },
      {
        "var_type": "agility",
        "title": "3. Головные боли.",
        "options": {
          "Нет и не было в прошлом": 0,
          "Было в прошлом, но сейчас нет": 1,
          "Появилось в последнее время": 2,
          "Есть уже длительное время": 3,
          "Есть и всегда было": 4
        }
      },
      {
        "var_type": "agility",
        "title": "4. Изменение настроения без видимых причин.",
        "options": {
          "Нет и не было в прошлом": 0,
          "Было в прошлом, но сейчас нет": 1,
          "Появилось в последнее время": 2,
          "Есть уже длительное время": 3,
          "Есть и всегда было": 4
        }
      },
      {
        "var_type": "agility",
        "title": "5. Боязнь темноты.",
        "options": {
          "Нет и не было в прошлом": 0,
          "Было в прошлом, но сейчас нет": 1,
          "Появилось в последнее время": 2,
          "Есть уже длительное время": 3,
          "Есть и всегда было": 4
        }
      },
      {
        "var_type": "agility",
        "title": "6. Чувство, что вы хуже других людей.",
        "options": {
          "Нет и не было в прошлом": 0,
          "Было в прошлом, но сейчас нет": 1,
          "Появилось в последнее время": 2,
          "Есть уже длительное время": 3,
          "Есть и всегда было": 4
        }
      },
      {
        "var_type": "agility",
        "title": "7. Склонность к слезам, плаксивость.",
        "options": {
          "Нет и не было в прошлом": 0,
          "Было в прошлом, но сейчас нет": 1,
          "Появилось в последнее время": 2,
          "Есть уже длительное время": 3,
          "Есть и всегда было": 4
        }
      },
      {
        "var_type": "agility",
        "title": "8. Ощущение комка в горле.",
        "options": {
          "Нет и не было в прошлом": 0,
          "Было в прошлом, но сейчас нет": 1,
          "Появилось в последнее время": 2,
          "Есть уже длительное время": 3,
          "Есть и всегда было": 4
        }
      },
      {
        "var_type": "agility",
        "title": "9. Боязнь высоты.",
        "options": {
          "Нет и не было в прошлом": 0,
          "Было в прошлом, но сейчас нет": 1,
          "Появилось в последнее время": 2,
          "Есть уже длительное время": 3,
          "Есть и всегда было": 4
        }
      },
      {
        "var_type": "agility",
        "title": "10. Быстрая утомляемость, чувство усталости.",
        "options": {
          "Нет и не было в прошлом": 0,
          "Было в прошлом, но сейчас нет": 1,
          "Появилось в последнее время": 2,
          "Есть уже длительное время": 3,
          "Есть и всегда было": 4
        }
      },
      {
        "var_type": "agility",
        "title": "11. Неуверенность в себе и в своих силах.",
        "options": {
          "Нет и не было в прошлом": 0,
          "Было в прошлом, но сейчас нет": 1,
          "Появилось в последнее время": 2,
          "Есть уже длительное время": 3,
          "Есть и всегда было": 4
        }
      },
      {
        "var_type": "agility",
        "title": "12. Сильное чувство вины.",
        "options": {
          "Нет и не было в прошлом": 0,
          "Было в прошлом, но сейчас нет": 1,
          "Появилось в последнее время": 2,
          "Есть уже длительное время": 3,
          "Есть и всегда было": 4
        }
      },
      {
        "var_type": "agility",
        "title": "13. Опасения по поводу тяжелого заболевания (не подтвержденного при обследовании).",
        "options": {
          "Нет и не было в прошлом": 0,
          "Было в прошлом, но сейчас нет": 1,
          "Появилось в последнее время": 2,
          "Есть уже длительное время": 3,
          "Есть и всегда было": 4
        }
      },
      {
        "var_type": "agility",
        "title": "14. Боязнь находится одному в помещении или на улице.",
        "options": {
          "Нет и не было в прошлом": 0,
          "Было в прошлом, но сейчас нет": 1,
          "Появилось в последнее время": 2,
          "Есть уже длительное время": 3,
          "Есть и всегда было": 4
        }
      },
      {
        "var_type": "agility",
        "title": "15. Опасение покраснеть «на людях».",
        "options": {
          "Нет и не было в прошлом": 0,
          "Было в прошлом, но сейчас нет": 1,
          "Появилось в последнее время": 2,
          "Есть уже длительное время": 3,
          "Есть и всегда было": 4
        }
      },
      {
        "var_type": "agility",
        "title": "16. Трудности в общении с людьми.",
        "options": {
          "Нет и не было в прошлом": 0,
          "Было в прошлом, но сейчас нет": 1,
          "Появилось в последнее время": 2,
          "Есть уже длительное время": 3,
          "Есть и всегда было": 4
        }
      },
      {
        "var_type": "agility",
        "title": "17. Необоснованный страх за себя, других людей, боязнь каких либо ситуаций.",
        "options": {
          "Нет и не было в прошлом": 0,
          "Было в прошлом, но сейчас нет": 1,
          "Появилось в последнее время": 2,
          "Есть уже длительное время": 3,
          "Есть и всегда было": 4
        }
      },
      {
        "var_type": "agility",
        "title": "18. Дрожание рук, ног.",
        "options": {
          "Нет и не было в прошлом": 0,
          "Было в прошлом, но сейчас нет": 1,
          "Появилось в последнее время": 2,
          "Есть уже длительное время": 3,
          "Есть и всегда было": 4
        }
      },
      {
        "var_type": "agility",
        "title": "19. Невозможность сдержать проявления своих чувств.",
        "options": {
          "Нет и не было в прошлом": 0,
          "Было в прошлом, но сейчас нет": 1,
          "Появилось в последнее время": 2,
          "Есть уже длительное время": 3,
          "Есть и всегда было": 4
        }
      },
      {
        "var_type": "agility",
        "title": "20. Сниженное или подавленное настроение.",
        "options": {
          "Нет и не было в прошлом": 0,
          "Было в прошлом, но сейчас нет": 1,
          "Появилось в последнее время": 2,
          "Есть уже длительное время": 3,
          "Есть и всегда было": 4
        }
      },
      {
        "var_type": "agility",
        "title": "21. Ощущение сердцебиения.",
        "options": {
          "Нет и не было в прошлом": 0,
          "Было в прошлом, но сейчас нет": 1,
          "Появилось в последнее время": 2,
          "Есть уже длительное время": 3,
          "Есть и всегда было": 4
        }
      },
      {
        "var_type": "agility",
        "title": "22. Беспричинная тревога, предчувствие, что может произойти что-то неприятное.",
        "options": {
          "Нет и не было в прошлом": 0,
          "Было в прошлом, но сейчас нет": 1,
          "Появилось в последнее время": 2,
          "Есть уже длительное время": 3,
          "Есть и всегда было": 4
        }
      },
      {
        "var_type": "agility",
        "title": "23. Безразличие ко всему.",
        "options": {
          "Нет и не было в прошлом": 0,
          "Было в прошлом, но сейчас нет": 1,
          "Появилось в последнее время": 2,
          "Есть уже длительное время": 3,
          "Есть и всегда было": 4
        }
      },
      {
        "var_type": "agility",
        "title": "24. Раздражительность, вспыльчивость.",
        "options": {
          "Нет и не было в прошлом": 0,
          "Было в прошлом, но сейчас нет": 1,
          "Появилось в последнее время": 2,
          "Есть уже длительное время": 3,
          "Есть и всегда было": 4
        }
      },
      {
        "var_type": "agility",
        "title": "25. Повышенная потливость.",
        "options": {
          "Нет и не было в прошлом": 0,
          "Было в прошлом, но сейчас нет": 1,
          "Появилось в последнее время": 2,
          "Есть уже длительное время": 3,
          "Есть и всегда было": 4
        }
      },
      {
        "var_type": "agility",
        "title": "26. Чувство общей слабости.",
        "options": {
          "Нет и не было в прошлом": 0,
          "Было в прошлом, но сейчас нет": 1,
          "Появилось в последнее время": 2,
          "Есть уже длительное время": 3,
          "Есть и всегда было": 4
        }
      }
    ]
  }