{
  "theme": "Делегирование полномочий и принятие решений",
  "variables": [
    "Рациональность"
  ],
  "transcript": [
    {
      "var_name": "Рациональность",
      "results": [
        {
          "score": 0,
          "text": "Ваша рациональность на низком уровне"
        },
        {
          "score": 30,
          "text": "Ваша рациональность на среднем уровне"
        },
        {
          "score": 50,
          "text": "Ваша рациональность на высоком уровне"
        }
      ]
    }
  ],
  "questions": [
    {
      "var_type": "Рациональность",
      "title": "Когда я принимаю решение, у меня возникает ощущение, как будто мне безумно не хватает времени.",
      "options": {
        "Неверно для меня": 1,
        "Иногда верно": 2,
        "Верно для меня": 3
      }
    },
    {
      "var_type": "Рациональность",
      "title": "Когда я принимаю решение, я предпочитаю рассматривать все альтернативы.",
      "options": {
        "Неверно для меня": 1,
        "Иногда верно": 2,
        "Верно для меня": 3
      }
    },
    {
      "var_type": "Рациональность",
      "title": "Я предпочитаю оставлять принятие решений другим людям.",
      "options": {
        "Неверно для меня": 1,
        "Иногда верно": 2,
        "Верно для меня": 3
      }
    },
    {
      "var_type": "Рациональность",
      "title": "Когда я принимаю решение, я пытаюсь найти недостатки у всех альтернатив.",
      "options": {
        "Неверно для меня": 1,
        "Иногда верно": 2,
        "Верно для меня": 3
      }
    },
    {
      "var_type": "Рациональность",
      "title": "Я трачу много времени на мелкие дела прежде чем приступаю к принятию основного решения.",
      "options": {
        "Неверно для меня": 1,
        "Иногда верно": 2,
        "Верно для меня": 3
      }
    },
    {
      "var_type": "Рациональность",
      "title": "Я продумываю лучший способ исполнения решения.",
      "options": {
        "Неверно для меня": 1,
        "Иногда верно": 2,
        "Верно для меня": 3
      }
    },
    {
      "var_type": "Рациональность",
      "title": "Даже после принятия решения я откладываю на потом его исполнение.",
      "options": {
        "Неверно для меня": 1,
        "Иногда верно": 2,
        "Верно для меня": 3
      }
    },
    {
      "var_type": "Рациональность",
      "title": "При принятии решений я предпочитаю собирать большое количество информации.",
      "options": {
        "Неверно для меня": 1,
        "Иногда верно": 2,
        "Верно для меня": 3
      }
    },
    {
      "var_type": "Рациональность",
      "title": "Я избегаю принимать решения.",
      "options": {
        "Неверно для меня": 1,
        "Иногда верно": 2,
        "Верно для меня": 3
      }
    },
    {
      "var_type": "Рациональность",
      "title": "Когда мне нужно принять решение, я жду долгое время перед тем, как начать о нем думать.",
      "options": {
        "Неверно для меня": 1,
        "Иногда верно": 2,
        "Верно для меня": 3
      }
    },
    {
      "var_type": "Рациональность",
      "title": "Мне не нравится брать на себя ответственность за принятие решений.",
      "options": {
        "Неверно для меня": 1,
        "Иногда верно": 2,
        "Верно для меня": 3
      }
    },
    {
      "var_type": "Рациональность",
      "title": "Я стараюсь иметь четкое представление о своих целях перед тем как сделать выбор.",
      "options": {
        "Неверно для меня": 1,
        "Иногда верно": 2,
        "Верно для меня": 3
      }
    },
    {
      "var_type": "Рациональность",
      "title": "Возможность того, что какая-то мелочь пойдет «не по плану» вынуждает меня резко изменить решение.",
      "options": {
        "Неверно для меня": 1,
        "Иногда верно": 2,
        "Верно для меня": 3
      }
    },
    {
      "var_type": "Рациональность",
      "title": "Если решение может быть принято мной или другим человеком, я дам другому человеку это сделать.",
      "options": {
        "Неверно для меня": 1,
        "Иногда верно": 2,
        "Верно для меня": 3
      }
    },
    {
      "var_type": "Рациональность",
      "title": "Когда я сталкиваюсь с трудной проблемой, я обычно пессимистичен относительно возможности найти хорошее решение.",
      "options": {
        "Неверно для меня": 1,
        "Иногда верно": 2,
        "Верно для меня": 3
      }
    },
    {
      "var_type": "Рациональность",
      "title": "Я тщательно все обдумываю перед тем как сделать выбор.",
      "options": {
        "Неверно для меня": 1,
        "Иногда верно": 2,
        "Верно для меня": 3
      }
    },
    {
      "var_type": "Рациональность",
      "title": "Я не принимаю решения пока в этом нет острой необходимости.",
      "options": {
        "Неверно для меня": 1,
        "Иногда верно": 2,
        "Верно для меня": 3
      }
    },
    {
      "var_type": "Рациональность",
      "title": "Я отсрочиваю принятие решений до последнего момента.",
      "options": {
        "Неверно для меня": 1,
        "Иногда верно": 2,
        "Верно для меня": 3
      }
    },
    {
      "var_type": "Рациональность",
      "title": "Я предпочитаю, чтобы решения принимались теми, кто в большей степени информирован, чем я.",
      "options": {
        "Неверно для меня": 1,
        "Иногда верно": 2,
        "Верно для меня": 3
      }
    },
    {
      "var_type": "Рациональность",
      "title": "После того, как я принял решение, я трачу много времени, убеждая себя, что оно было правильным.",
      "options": {
        "Неверно для меня": 1,
        "Иногда верно": 2,
        "Верно для меня": 3
      }
    },
    {
      "var_type": "Рациональность",
      "title": "Я откладываю принятие решений.",
      "options": {
        "Неверно для меня": 1,
        "Иногда верно": 2,
        "Верно для меня": 3
      }
    },
    {
      "var_type": "Рациональность",
      "title": "Я не могу мыслить трезво, если мне нужно принять решение в спешке.",
      "options": {
        "Неверно для меня": 1,
        "Иногда верно": 2,
        "Верно для меня": 3
      }
    }
  ]
}

