{
  "theme": "Мельбурнский опросник принятия решений, MDMQ",
  "transcript": [
    {
      "var_name": "уровень принятия решений",
      "results": [
        {
          "score": 17,
          "text": "Высокий уровень проявляемой рациональности как  готовности  к обдумыванию целей и альтернатив решений, нацеленности на сбор  информации и максимального охвата поля альтернатив."
        }
      ]
    }
  ],
  "questions": [
    {
      "var_type": "уровень принятия решений",
      "title": "1. Когда я принимаю решение, у меня возникает ощущение, как будто мне безумно не хватает времени.",
      "options": {
        "Верно для меня": -1,
        "Иногда верно": 0,
        "Неверно для меня": 1
      }
    },
    {
      "var_type": "уровень принятия решений",
      "title": "2. Когда я принимаю решение, я предпочитаю рассматривать все альтернативы.",
      "options": {
        "Верно для меня": 1,
        "Иногда верно": 0,
        "Неверно для меня": -1
      }
    },
    {
      "var_type": "уровень принятия решений",
      "title": "3. Я предпочитаю оставлять принятие решений другим людям.",
      "options": {
        "Верно для меня": -1,
        "Иногда верно": 0,
        "Неверно для меня": 1
      }
    },
    {
      "var_type": "уровень принятия решений",
      "title": "4. Когда я принимаю решение, я пытаюсь найти недостатки у всех альтернатив.",
      "options": {
        "Верно для меня": 1,
        "Иногда верно": 0,
        "Неверно для меня": -1
      }
    },
    {
      "var_type": "уровень принятия решений",
      "title": "5. Я трачу много времени на мелкие дела прежде чем приступаю к принятию основного решения.",
      "options": {
        "Верно для меня": -1,
        "Иногда верно": 0,
        "Неверно для меня": 1
      }
    },
    {
      "var_type": "уровень принятия решений",
      "title": "6. Я продумываю лучший способ исполнения решения.",
      "options": {
        "Верно для меня": 1,
        "Иногда верно": 0,
        "Неверно для меня": -1
      }
    },
    {
      "var_type": "уровень принятия решений",
      "title": "7. Даже после принятия решения я откладываю на потом его исполнение.",
      "options": {
        "Верно для меня": -1,
        "Иногда верно": 0,
        "Неверно для меня": 1
      }
    },
    {
      "var_type": "уровень принятия решений",
      "title": "8. При принятии решений я предпочитаю собирать большое количество информации.",
      "options": {
        "Верно для меня": 1,
        "Иногда верно": 0,
        "Неверно для меня": -1
      }
    },
    {
      "var_type": "уровень принятия решений",
      "title": "9. Я избегаю принимать решения.",
      "options": {
        "Верно для меня": -1,
        "Иногда верно": 0,
        "Неверно для меня": 1
      }
    },
    {
      "var_type": "уровень принятия решений",
      "title": "10. Когда мне нужно принять решение, я жду долгое время перед тем, как начать о нем думать.",
      "options": {
        "Верно для меня": -1,
        "Иногда верно": 0,
        "Неверно для меня": 1
      }
    },
    {
      "var_type": "уровень принятия решений",
      "title": "11. Мне не нравится брать на себя ответственность за принятие решений.",
      "options": {
        "Верно для меня": -1,
        "Иногда верно": 0,
        "Неверно для меня": 1
      }
    },
    {
      "var_type": "уровень принятия решений",
      "title": "12. Я стараюсь иметь четкое представление о своих целях перед тем как сделать выбор.",
      "options": {
        "Верно для меня": 1,
        "Иногда верно": 0,
        "Неверно для меня": -1
      }
    },
    {
      "var_type": "уровень принятия решений",
      "title": "13. Возможность того, что какая-то мелочь пойдет «не по плану» вынуждает меня резко изменить решение.",
      "options": {
        "Верно для меня": -1,
        "Иногда верно": 0,
        "Неверно для меня": 1
      }
    },
    {
      "var_type": "уровень принятия решений",
      "title": "14. Если решение может быть принято мной или другим человеком, я дам другому человеку это сделать.",
      "options": {
        "Верно для меня": -1,
        "Иногда верно": 0,
        "Неверно для меня": 1
      }
    },
    {
      "var_type": "уровень принятия решений",
      "title": "15. Когда я сталкиваюсь с трудной проблемой, я обычно пессимистичен относительно возможности найти хорошее решение.",
      "options": {
        "Верно для меня": -1,
        "Иногда верно": 0,
        "Неверно для меня": 1
      }
    },
    {
      "var_type": "уровень принятия решений",
      "title": "16. Я тщательно все обдумываю перед тем как сделать выбор.",
      "options": {
        "Верно для меня": 1,
        "Иногда верно": 0,
        "Неверно для меня": -1
      }
    },
    {
      "var_type": "уровень принятия решений",
      "title": "17. Я не принимаю решения пока в этом нет острой необходимости.",
      "options": {
        "Верно для меня": -1,
        "Иногда верно": 0,
        "Неверно для меня": 1
      }
    },
    {
      "var_type": "уровень принятия решений",
      "title": "18. Я отсрочиваю принятие решений до последнего момента.",
      "options": {
        "Верно для меня": -1,
        "Иногда верно": 0,
        "Неверно для меня": 1
      }
    },
    {
      "var_type": "уровень принятия решений",
      "title": "19. Я предпочитаю, чтобы решения принимались теми, кто в большей степени информирован, чем я.",
      "options": {
        "Верно для меня": -1,
        "Иногда верно": 0,
        "Неверно для меня": 1
      }
    },
    {
      "var_type": "уровень принятия решений",
      "title": "20. После того, как я принял решение, я трачу много времени, убеждая себя, что оно было правильным.",
      "options": {
        "Верно для меня": -1,
        "Иногда верно": 0,
        "Неверно для меня": 1
      }
    },
    {
      "var_type": "уровень принятия решений",
      "title": "21. Я откладываю принятие решений.",
      "options": {
        "Верно для меня": -1,
        "Иногда верно": 0,
        "Неверно для меня": 1
      }
    },
    {
      "var_type": "уровень принятия решений",
      "title": "22. Я не могу мыслить трезво, если мне нужно принять решение в спешке.",
      "options": {
        "Верно для меня": -1,
        "Иногда верно": 0,
        "Неверно для меня": 1
      }
    }
  ]
}