{
    "theme": "Делегирование полномочий и принятие решений",
    "variables": [
      "maximization",
      "minimization",
      "Satisfaction"
    ],
    "transcript": [
      {
        "var_name": "maximization",
        "results": [
          {
            "score": 10,
            "text": "У вас низкий уровень максимизации"
          },
          {
            "score": 20,
            "text": "У вас средний уровень максимизации"
          },
          {
            "score": 30,
            "text": "У вас высокий уровень максимизации"
          }
        ]
      },
      {
        "var_name": "minimization",
        "results": [
          {
            "score": 21,
            "text": "У вас низкий уровень минимизации"
          },
          {
            "score": 35,
            "text": "У вас средний уровень минимизации"
          },
          {
            "score": 56,
            "text": "У вас высокий уровень минимизации"
          }
        ]
      },
      {
        "var_name": "Satisfaction",
        "results": [
          {
            "score": 14,
            "text": "У вас низкий уровень сатисфикации"
          },
          {
            "score": 28,
            "text": "У вас средний уровень сатисфикации"
          },
          {
            "score": 35,
            "text": "У вас высокий уровень сатисфикации"
          }
        ]
      }
    ],
    "questions": [
      {
        "var_type": "maximization",
        "title": "Вне зависимости от того, насколько я доволен своей работой, мне кажется правильным искать лучшие возможности.",
        "options": {
          "Абсолютно не согласен": 1,
          "Не согласен": 2,
          "Скорее не согласен": 3,
          "Ни то, ни другое": 4,
          "Скорее согласен": 5,
          "Согласен": 6,
          "Полностью согласен": 7
        }
      },
      {
        "var_type": "maximization",
        "title": " Вне зависимости от того, что я делаю, я предъявляю к себе самые высокие требования.",
        "options": {
            "Абсолютно не согласен": 1,
            "Не согласен": 2,
            "Скорее не согласен": 3,
            "Ни то, ни другое": 4,
            "Скорее согласен": 5,
            "Согласен": 6,
            "Полностью согласен": 7
        }
      },
      {
        "var_type": "maximization",
        "title": "Я никогда не довольствуюсь чем-то второсортным.",
        "options": {
            "Абсолютно не согласен": 1,
            "Не согласен": 2,
            "Скорее не согласен": 3,
            "Ни то, ни другое": 4,
            "Скорее согласен": 5,
            "Согласен": 6,
            "Полностью согласен": 7
        }
      },
      {
        "var_type": "minimization",
        "title": "Когда я выбираю из альтернатив, я останавливаюсь на первом варианте, который мне подходит.",
        "options": {
            "Абсолютно не согласен": 1,
            "Не согласен": 2,
            "Скорее не согласен": 3,
            "Ни то, ни другое": 4,
            "Скорее согласен": 5,
            "Согласен": 6,
            "Полностью согласен": 7
        }
      },
      {
        "var_type": "maximization",
        "title": "На работе или в учебе я всегда ставлю самые высокие цели.",
        "options": {
            "Абсолютно не согласен": 1,
            "Не согласен": 2,
            "Скорее не согласен": 3,
            "Ни то, ни другое": 4,
            "Скорее согласен": 5,
            "Согласен": 6,
            "Полностью согласен": 7
        }
      },
      {
        "var_type": "Satisfaction",
        "title": "На работе или учебе я склонен выбирать решения, которые гарантируют удовлетворяющие меня результаты.",
        "options": {
            "Абсолютно не согласен": 1,
            "Не согласен": 2,
            "Скорее не согласен": 3,
            "Ни то, ни другое": 4,
            "Скорее согласен": 5,
            "Согласен": 6,
            "Полностью согласен": 7
        }
      },
      {
        "var_type": "minimization",
        "title": "На работе или в учебе я ставлю цели, для достижения которых требуется минимальное усилие.",
        "options": {
            "Абсолютно не согласен": 1,
            "Не согласен": 2,
            "Скорее не согласен": 3,
            "Ни то, ни другое": 4,
            "Скорее согласен": 5,
            "Согласен": 6,
            "Полностью согласен": 7
        }
      },
      {
        "var_type": "Satisfaction",
        "title": "Всякий раз, когда я делаю выбор, я пытаюсь представить все альтернативы, даже те, которые отсутствуют в данный момент.",
        "options": {
            "Абсолютно не согласен": 1,
            "Не согласен": 2,
            "Скорее не согласен": 3,
            "Ни то, ни другое": 4,
            "Скорее согласен": 5,
            "Согласен": 6,
            "Полностью согласен": 7
        }
      },
      {
        "var_type": "minimization",
        "title": "На работе или в учебе я согласен с любым выбором, который приносит минимальный результат.",
        "options": {
            "Абсолютно не согласен": 1,
            "Не согласен": 2,
            "Скорее не согласен": 3,
            "Ни то, ни другое": 4,
            "Скорее согласен": 5,
            "Согласен": 6,
            "Полностью согласен": 7
        }
      },
      {
        "var_type": "Satisfaction",
        "title": "В любой области я пытаюсь достичь удовлетворяющих меня результатов.",
        "options": {
            "Абсолютно не согласен": 1,
            "Не согласен": 2,
            "Скорее не согласен": 3,
            "Ни то, ни другое": 4,
            "Скорее согласен": 5,
            "Согласен": 6,
            "Полностью согласен": 7
        }
      },
      {
        "var_type": "minimization",
        "title": "На работе или в учебе даже минимальный результат может меня устроить.",
        "options": {
            "Абсолютно не согласен": 1,
            "Не согласен": 2,
            "Скорее не согласен": 3,
            "Ни то, ни другое": 4,
            "Скорее согласен": 5,
            "Согласен": 6,
            "Полностью согласен": 7
        }
      },
      {
        "var_type": "Satisfaction",
        "title": "На работе или в учебе я трачу время на то, чтобы выбрать решение, которое меня устраивает.",
        "options": {
            "Абсолютно не согласен": 1,
            "Не согласен": 2,
            "Скорее не согласен": 3,
            "Ни то, ни другое": 4,
            "Скорее согласен": 5,
            "Согласен": 6,
            "Полностью согласен": 7
        }
      },
      {
        "var_type": "minimization",
        "title": "Я всегда ставлю цели, для достижения которых требуется минимальное усилие.",
        "options": {
            "Абсолютно не согласен": 1,
            "Не согласен": 2,
            "Скорее не согласен": 3,
            "Ни то, ни другое": 4,
            "Скорее согласен": 5,
            "Согласен": 6,
            "Полностью согласен": 7
        }
      },
      {
        "var_type": "Satisfaction",
        "title": "Когда я принимаю решения, я трачу время на то, чтобы выбрать приемлемую для себя альтернативу.",
        "options": {
            "Абсолютно не согласен": 1,
            "Не согласен": 2,
            "Скорее не согласен": 3,
            "Ни то, ни другое": 4,
            "Скорее согласен": 5,
            "Согласен": 6,
            "Полностью согласен": 7
        }
      },
      {
        "var_type": "minimization",
        "title": "Когда я должен принять решение, я выбираю вариант «по-минимуму».",
        "options": {
            "Абсолютно не согласен": 1,
            "Не согласен": 2,
            "Скорее не согласен": 3,
            "Ни то, ни другое": 4,
            "Скорее согласен": 5,
            "Согласен": 6,
            "Полностью согласен": 7
        }
      },
      {
        "var_type": "Satisfaction",
        "title": "Когда передо мной встает новая задача, я трачу много времени на сбор информации о возможных путях ее решения.",
        "options": {
            "Абсолютно не согласен": 1,
            "Не согласен": 2,
            "Скорее не согласен": 3,
            "Ни то, ни другое": 4,
            "Скорее согласен": 5,
            "Согласен": 6,
            "Полностью согласен": 7
        }
      },
      {
        "var_type": "minimization",
        "title": "Когда на работе мне дают новое задание, я прилагаю не больше усилий, чем требуется.",
        "options": {
            "Абсолютно не согласен": 1,
            "Не согласен": 2,
            "Скорее не согласен": 3,
            "Ни то, ни другое": 4,
            "Скорее согласен": 5,
            "Согласен": 6,
            "Полностью согласен": 7
        }
      },
      {
        "var_type": "maximization",
        "title": "При выполнении рабочего задания я стремлюсь к максимальному результату, не считая потраченные силы и время.",
        "options": {
            "Абсолютно не согласен": 1,
            "Не согласен": 2,
            "Скорее не согласен": 3,
            "Ни то, ни другое": 4,
            "Скорее согласен": 5,
            "Согласен": 6,
            "Полностью согласен": 7
        }
      },
      {
        "var_type": "minimization",
        "title": "При выполнении любого задания я удовлетворяюсь результатом, который считаю достаточным на данный момент.",
        "options": {
            "Абсолютно не согласен": 1,
            "Не согласен": 2,
            "Скорее не согласен": 3,
            "Ни то, ни другое": 4,
            "Скорее согласен": 5,
            "Согласен": 6,
            "Полностью согласен": 7
        }
      },
      {
        "var_type": "minimization",
        "title": "При выполнения рабочего задания меня устроит результат, для достижения которого требуется минимум усилий.",
        "options": {
            "Абсолютно не согласен": 1,
            "Не согласен": 2,
            "Скорее не согласен": 3,
            "Ни то, ни другое": 4,
            "Скорее согласен": 5,
            "Согласен": 6,
            "Полностью согласен": 7
        }
      }
    ]
  }