{
    "theme": "Мотивация успеха и боязнь неудачи",
    "variables": [
      "agility"
    ],
    "transcript": [
      {
        "var_name": "agility",
        "results": [
          {
            "score": 1,
            "text": "Диагностируется мотивация на неудачу. Мотивации на неудачу относится к негативной мотивации. При данном типе мотивации активность человека связана с потребностью избежать срыва, порицания, наказания, неудачи. Вообще в основе этой мотивации лежит идея избегания и идея негативных ожиданий. Начиная дело, человек уже заранее боится возможной неудачи, думает о путях избегания этой гипотетической неудачи, а не о способах достижения успеха. Люди, мотивированные на неудачу, обычно отличаются повышенной тревожностью, низкой уверенностью в своих силах. Стараются избегать ответственных заданий, а при необходимости решения сверхответственных задач могут впадать в состояние близкое к паническому. По крайней мере. ситуативная тревожность у них в этих случаях становится чрезвычайно высокой. Все это, вместе с тем, может сочетаться с весьма ответственным отношением к делу."
          },
          {
            "score": 8,
            "text": "Мотивационный полюс ярко не выражен. "
          },
          {
            "score": 14,
            "text": "Мотивация на успех относится к позитивной мотивации. При такой мотивации человек, начиная дело, имеет в виду достижение чего-то конструктивного, положительного. В основе активности человека лежит надежда на успех и потребность в достижении успеха. Такие люди обычно уверены в себе, в своих силах, ответственны, инициативны и активны. Их отличает настойчивость в достижении цели. целеустремленность."
          }
        ]
      }
    ],
    "questions": [
      {
        "var_type": "agility",
        "title": "1. Включаясь в работу, как правило, оптимистично надеюсь на успех.",
        "options": {
          "Нет": 0,
          "Да": 1
        }
      },
      {
        "var_type": "agility",
        "title": "2. В деятельности активен.",
        "options": {
          "Нет": 0,
          "Да": 1
        }
      },
      {
        "var_type": "agility",
        "title": "3. Склонен к проявлению инициативности.",
        "options": {
          "Нет": 0,
          "Да": 1
        }
      },
      {
        "var_type": "agility",
        "title": "4. При выполнении ответственных заданий стараюсь, по возможности, найти причины отказа от них.",
        "options": {
          "Да": 0,
          "Нет": 1
        }
      },
      {
        "var_type": "agility",
        "title": "5. Часто выбираю крайности: либо занижено легкие задания, либо нереалистично высокие по трудности.",
        "options": {
          "Да": 0,
          "Нет": 1
        }
      },
      {
        "var_type": "agility",
        "title": "6. При встрече с препятствиями, как правило, не отступаю, а ищу способы их преодоления.",
        "options": {
          "Нет": 0,
          "Да": 1
        }
      },
      {
        "var_type": "agility",
        "title": "7. При чередовании успехов и неудач склонен к переоценке своих успехов.",
        "options": {
          "Да": 0,
          "Нет": 1
        }
      },
      {
        "var_type": "agility",
        "title": "8. Продуктивность деятельности в основном зависит от моей собственной целеустремленности, а не от внешнего контроля.",
        "options": {
          "Нет": 0,
          "Да": 1
        }
      },
      {
        "var_type": "agility",
        "title": "9. При выполнении достаточно трудных заданий, в условиях ограничения времени, результативность моей деятельности ухудшается.",
        "options": {
          "Да": 0,
          "Нет": 1
        }
      },
      {
        "var_type": "agility",
        "title": "10. Склонен проявлять настойчивость в достижении цели.",
        "options": {
          "Нет": 0,
          "Да": 1
        }
      },
      {
        "var_type": "agility",
        "title": "11. Склонен планировать свое будущее на достаточно отдаленную перспективу.",
        "options": {
          "Нет": 0,
          "Да": 1
        }
      },
      {
        "var_type": "agility",
        "title": "12. Если я рискую, то скорее с умом, а не бесшабашно.",
        "options": {
          "Нет": 0,
          "Да": 1
        }
      },
      {
        "var_type": "agility",
        "title": "13. Я обычно не очень настойчив в достижении цели, особенно если отсутствует внешний контроль.",
        "options": {
          "Да": 0,
          "Нет": 1
        }
      },
      {
        "var_type": "agility",
        "title": "14. Предпочитаю ставить перед собой средние по трудности или слегка завышенные, но достижимые цели, чем нереально высокие.",
        "options": {
          "Нет": 0,
          "Да": 1
        }
      },
      {
        "var_type": "agility",
        "title": "15. В случае неудачи при выполнении какого-либо задания, его притягательность, как правило, снижается.",
        "options": {
          "Да": 0,
          "Нет": 1
        }
      },
      {
        "var_type": "agility",
        "title": "16. При чередовании успехов и неудач склонен к переоценке своих неудач.",
        "options": {
          "Нет": 0,
          "Да": 1
        }
      },
      {
        "var_type": "agility",
        "title": "17. Предпочитаю планировать свое будущее лишь на ближайшее время.",
        "options": {
          "Да": 0,
          "Нет": 2
        }
      },
      {
        "var_type": "agility",
        "title": "18. При работе в условиях ограничения времени результативность моей деятельности обычно улучшается, даже если задание достаточно трудное.",
        "options": {
          "Нет": 0,
          "Да": 1
        }
      },
      {
        "var_type": "agility",
        "title": "19. В случае неудачи при выполнении чего-либо, от поставленной цели, я, как правило, не отказываюсь.",
        "options": {
          "Нет": 0,
          "Да": 1
        }
      },
      {
        "var_type": "agility",
        "title": "20. Если задание выбрал себе сам, то в случае неудачи его притягательность еще более возрастает.",
        "options": {
          "Нет": 0,
          "Да": 1
        }
      }
    ]
  }