{
    "theme": "Делегирование полномочий и принятие решений",
    "variables": [
      "social",
      "battle",
      "point"
    ],
    "transcript": [
      {
        "var_name": "social",
        "results": [
          {
            "text": "Ваш уровень стремления к социальному престижу равен: "
          }
        ]
      },
      {
        "var_name": "battle",
        "results": [
          {
            "text": "Ваш уровень cтремления к соперничеству равен: " 
          }
        ]
      },
      {
        "var_name": "point",
        "results": [
          {
            "text": "Ваш уровень стремления к достижению цели равен: "
          }
        ]
      }
    ],
    "questions": [
      {
        "var_type": "social",
        "title": "1. Мне нравится быть в центре внимания",
        "options": {
          "Никогда": 1,
          "Часто": 2,
          "Очень часто": 3
        }
      },
      {
        "var_type": "battle",
        "title": "2. Когда я работаю, это выглядит так, как будто я все ставлю на карту",
        "options": {
          "Никогда": 1,
          "Часто": 2,
          "Очень часто": 3
        }
      },
      {
        "var_type": "point",
        "title": "3. Мне важно, чтобы мои результаты были лучше, чем у других",
        "options": {
          "Никогда": 1,
          "Часто": 2,
          "Очень часто": 3
        }
      },
      {
        "var_type": "social",
        "title": "4. Я стремлюсь принадлежать к избранным кругам",
        "options": {
          "Никогда": 1,
          "Часто": 2,
          "Очень часто": 3
        }
      },
      {
        "var_type": "battle",
        "title": "5. По отношению к себе я более строг, чем по отношению к другим",
        "options": {
          "Никогда": 1,
          "Часто": 2,
          "Очень часто": 3
        }
      },
      {
        "var_type": "point",
        "title": "6. Я сравниваю свои результаты и успехи с результатами других людей",
        "options": {
          "Никогда": 1,
          "Часто": 2,
          "Очень часто": 3
        }
      },
      {
        "var_type": "social",
        "title": "7. Я дорожу признанием окружающих",
        "options": {
          "Никогда": 1,
          "Часто": 2,
          "Очень часто": 3
        }
      },
      {
        "var_type": "battle",
        "title": "8. Неудачи стимулируют меня сильнее, чем успехи",
        "options": {
          "Никогда": 1,
          "Часто": 2,
          "Очень часто": 3
        }
      },
      {
        "var_type": "point",
        "title": "9. Азарт состязания мне чужд",
        "options": {
          "Никогда": -1,
          "Часто": -2,
          "Очень часто": -3
        }
      },
      {
        "var_type": "social",
        "title": "10. Мне нравится выступать перед большой аудиторией",
        "options": {
          "Никогда": 1,
          "Часто": 2,
          "Очень часто": 3
        }
      },
      {
        "var_type": "battle",
        "title": "11. Я трачу больше времени на чтение специальной литературы, чем художественной",
        "options": {
          "Никогда": 1,
          "Часто": 2,
          "Очень часто": 3
        }
      },
      {
        "var_type": "point",
        "title": "12. Я готов работать на пределе своих сил, чтобы опередить конкурента",
        "options": {
          "Никогда": 1,
          "Часто": 2,
          "Очень часто": 3
        }
      },
      {
        "var_type": "social",
        "title": "13. Мое честолюбие помогает моим достижениям",
        "options": {
          "Никогда": 1,
          "Часто": 2,
          "Очень часто": 3
        }
      },
      {
        "var_type": "battle",
        "title": "14. Я не делаю вовремя то, что необходимо было сделать",
        "options": {
          "Никогда": -1,
          "Часто": -2,
          "Очень часто": -3
        }
      },
      {
        "var_type": "point",
        "title": "15. Я люблю смотреть спортивные соревнования и участвовать в них",
        "options": {
          "Никогда": 1,
          "Часто": 2,
          "Очень часто": 3
        }
      },
      {
        "var_type": "social",
        "title": "16. Похвала и признание окружающих окрыляют меня",
        "options": {
          "Никогда": 1,
          "Часто": 2,
          "Очень часто": 3
        }
      },
      {
        "var_type": "battle",
        "title": "17. Трудности и препятствия меня подстегивают и заставляют действовать",
        "options": {
          "Никогда": 1,
          "Часто": 2,
          "Очень часто": 3
        }
      },
      {
        "var_type": "point",
        "title": "18. Я доволен собой, когда мне удается продемонстрировать другим свои сильные качества или выйти победителем из трудной ситуации",
        "options": {
          "Никогда": 1,
          "Часто": 2,
          "Очень часто": 3
        }
      },
      {
        "var_type": "social",
        "title": "19. Я удовлетворен тем положением, которое занимаю, и не стремлюсь к большему престижу",
        "options": {
          "Никогда": -1,
          "Часто": -2,
          "Очень часто": -3
        }
      },
      {
        "var_type": "battle",
        "title": "20. Меня радует возможность много и интенсивно работать",
        "options": {
          "Никогда": 1,
          "Часто": 2,
          "Очень часто": 3
        }
      },
      {
        "var_type": "point",
        "title": "21. Мне нравятся сложные задачи (ситуации), когда необходимо максимально мобилизоваться",
        "options": {
          "Никогда": 1,
          "Часто": 2,
          "Очень часто": 3
        }
      },
      {
        "var_type": "social",
        "title": "22. Для меня важно «выбиться в люди»",
        "options": {
          "Никогда": 1,
          "Часто": 2,
          "Очень часто": 3
        }
      },
      {
        "var_type": "battle",
        "title": "23. Когда у меня нет дел, я чувствую, что мне не по себе",
        "options": {
          "Никогда": 1,
          "Часто": 2,
          "Очень часто": 3
        }
      },
      {
        "var_type": "point",
        "title": "24. Я сделаю все, чтобы другие не могли меня опередить",
        "options": {
          "Никогда": 1,
          "Часто": 2,
          "Очень часто": 3
        }
      },
      {
        "var_type": "social",
        "title": "25. Я не испытываю желания иметь высокий социальный статус",
        "options": {
          "Никогда": -1,
          "Часто": -2,
          "Очень часто": -3
        }
      },
      {
        "var_type": "battle",
        "title": "26. Мои друзья считают меня ленивым",
        "options": {
          "Никогда": -1,
          "Часто": -2,
          "Очень часто": -3
        }
      },
      {
        "var_type": "point",
        "title": "27. Меня удивляют люди, которые тратят все силы и время на то, чтобы обойти конкурентов",
        "options": {
          "Никогда": -1,
          "Часто": -2,
          "Очень часто": -3
        }
      },

      {
        "var_type": "social",
        "title": "28. Случалось, что я завидовал успеху или популярности других людей",
        "options": {
          "Никогда": 1,
          "Часто": 2,
          "Очень часто": 3
        }
      },

      {
        "var_type": "battle",
        "title": "29. Я обращаю мало внимания на свои достижения",
        "options": {
          "Никогда": -1,
          "Часто": -2,
          "Очень часто": -3
        }
      },

      {
        "var_type": "point",
        "title": "30. В атмосфере борьбы и конкуренции я чувствую себя превосходно",
        "options": {
          "Никогда": 1,
          "Часто": 2,
          "Очень часто": 3
        }
      },

      {
        "var_type": "social",
        "title": "31. Мне хотелось бы быть известным человеком",
        "options": {
          "Никогда": 1,
          "Часто": 2,
          "Очень часто": 3
        }
      },

      {
        "var_type": "battle",
        "title": "32. Многое, за что я берусь, я не довожу до конца",
        "options": {
          "Никогда": -1,
          "Часто": -2,
          "Очень часто": -3
        }
      },
      {
        "var_type": "point",
        "title": "33. Я всегда стремлюсь опередить других, достичь лучших результатов",
        "options": {
          "Никогда": 1,
          "Часто": 2,
          "Очень часто": 3
        }
      },
      {
        "var_type": "social",
        "title": "34. Я сделаю всё, чтобы добиться уважения значимых для меня людей",
        "options": {
          "Никогда": 1,
          "Часто": 2,
          "Очень часто": 3
        }
      },
      {
        "var_type": "battle",
        "title": "35. Я завидую людям, которые не загружены работой",
        "options": {
          "Никогда": -1,
          "Часто": -2,
          "Очень часто": -3
        }
      },
      {
        "var_type": "point",
        "title": "36. Успех других меня активизирует и «подстегивает» лучше и быстрее всего",
        "options": {
          "Никогда": 1,
          "Часто": 2,
          "Очень часто": 3
        }
      }
    ]
  }